address,balance
0x00000000219ab540356cbb839cbe05303d7705fa,12684484000069000000000069
0xc02aaa39b223fe8d0a0e5c4f27ead9083c756cc2,5898853872536801166474923
0xda9dfa130df4de4673b89022ee50ff26f6ea73cf,2113030004434567800000000
0xbe0eb53f46cd790cd13851d5eff43d12404d33e8,1996008282101134217643490
0x73bceb1cd57c711feac4224d062b0f6ff338501e,1901505523810493881366027
0x9bf4001d307dfd62b26a2f1307ee0c0307632d59,1490000018092709141375000
0x4ddc2d193948926d02f9b1fe9e1daa0718270ed5,746270843929253631163416
0x011b6e24ffb0b5f5fcc564cf4183c5bbbc96d515,636802098263954025630094
0xf977814e90da44bfa03b6295a0616a897441acec,633288788415109596052536
0x742d35cc6634c0532925a3b844bc454e4438f44e,587686229491403953695443
0x61edcdf5bb737adffe5043706e7c5bb1f1a56eea,579498953581340000000001
0x07ee55aa48bb72dcc6e9d78256648910de513eca,559597218193847140000001
0xc098b2a3aa256d2140208c3de6543aaef5cd3a94,483998923638068298816832
0xe92d1a43df510f82c66382592a047d288f85226f,450000050085726438778778
0x1b3cb81e51011b549d78bf720b0d924ac763a7c2,409299996495000000000000
0xa7efae728d2936e78bda97dc267687568dd593f3,406220189500387718487672
0x8484ef722627bf18ca5ae6bcf031c23e6e922b30,386490494310740290645808
0xde0b295669a9fd93d5f28d9ec85e40f4cb697bae,348269807403185816963191
0xdf9eb223bafbe5c5271415c75aecd68c21fe3d7f,325386842419939593667095
0xca8fa8f0b631ecdb18cda619c4fc9d197c8affca,325000480017070240350400
0x0548f59fee79f8832c299e01dca5c76f034f558e,324295708110820075005772
0xa929022c9107643515f5c777ce9a910f0d1e490c,311863667672486576865507
0xdc24316b9ae028f1497c275eb9192a3ea0f67022,308614820013391137547825
0x3bfc20f0b9afcace800d73d2191166ff16540258,306276635361399926202000
0x220866b1a2219f40e72f5c628b65d54268ca3a9d,290000921868399000000010
0x2faf487a4414fe77e2327f0bf4ae2a264a776ad2,287776189663058406839640
0x8103683202aa8da10536036edef04cdd865c225e,275000027419999999999999
0x176f3dab24a159341c0509bb36b833e7fdd0a132,259646557040850597060852
0x0a4c79ce84202b03e95b7a692e5d728d83c44c76,254248454016940000000000
0x2b6ed29a95753c3ad948348e3e7b1a251080ffb9,250000017045971329543721
0x9acb5ce4878144a74eeededa54c675aa59e0d3d2,245946480945205956107500
0x9845e1909dca337944a0272f1f9f7249833d2d19,235001218273491512054825
0x826aba5e13ad2109f71561e25e4ede7ee05bad68,232006269943745066401179
0x189b9cbd4aff470af2c0102f365fc1823d857965,231224781705487208511963
0x4399f61795d3e50096e236a6d31ab24470c99fd5,223523555330000000000000
0xb29380ffc20696729b7ab8d093fa1e2ec14dfe2b,217843834726530749492460
0x59448fe20378357f206880c58068f095ae63d5a5,215368755910440000000000
0x1db92e2eebc8e0c075a02bea49a2935bcd2dfcf4,209917741391940725211209
0xbddf00563c9abd25b576017f08c46982012f12be,206078187217000000000000
0xa160cdab225685da1d56aa342ad8841c3b53f291,203800000000000000000000
0x78605df79524164911c144801f41e9811b7db73d,200748938473120426836325
0x558553d54183a8542f7832742e7b4ba9c33aa1e6,200001664584000000000000
0x98ec059dc3adfbdd63429454aeb0c990fba4a128,200000107035971329543721
0x0c23fc0ef06716d2f8ba19bc4bed56d045581f2d,200000000000000000000000
0xcdbf58a9a9b54a2c43800c50c7192946de858321,193799074960000000000911
0x5f397b62502e255f68382791947d54c4b2d37f09,193498433348537104819980
0x66f820a414680b5bcda5eeca5dea238543f42054,188508652266785945276777
0x19184ab45c40c2920b0e0e31413b9434abd243ed,187157004845553868278706
0xbf3aeb96e164ae67e763d9e050ff124e7c3fdd28,187068195590000000000000
0xb8808f9e9b88497ec522304055cd537a0913f6a0,185852593721977408633531
0xf774da4418c6dca3051f0e7570829b24214e730b,184380658439376315191493
0x36a85757645e8e8aec062a1dee289c7d615901ca,177328307659680000000000
0xd69b0089d9ca950640f5dc9931a41a5965f00303,172473375645147002465430
0x25eaff5b179f209cf186b1cdcbfa463a69df4c45,172111597406966073401648
0xa7e4fecddc20d83f36971b67e13f1abc98dfcfa6,172038067196753900234436
0xcffad3200574698b78f32232aa9d63eabd290703,170414854463455616306437
0xdc1487e092caba080c6badafaa75a58ce7a2ec34,170371289285315659347543
0x5b5b69f4e0add2df5d2176d7dbd20b4897bc7ec4,169031993519583935970841
0x7da82c7ab4771ff031b66538d2fb9b0b047f6cf9,167034343113247593314478
0x7d812b62dc15e6f4073eba8a2ba8db19c4e40704,159952037131182981268671
0x6262998ced04146fa42253a5c0af90ca02dfd2a3,156686597109917790284471
0xfd898a0f677e97a9031654fc79a27cb5e31da34a,150000100000000000000000
0x701c484bfb40ac628afa487b6082f084b14af0bd,150000001069000000000000
0xa8dcc0373822b94d7f57326be24ca67bafcaad6b,150000001000000000000000
0x4b4a011c420b91260a272afd91e54accdafdfc1d,150000001000000000000000
0x367989c660881e1ca693730f7126fe0ffc0963fb,150000001000000000000000
0x9c2fc4fc75fa2d7eb5ba9147fa7430756654faa9,150000000000000000000912
0x091933ee1088cdf5daace8baec0997a4e93f0dd6,150000000000000000000000
0x554f4476825293d4ad20e02b54aca13956acc40a,150000000000000000000000
0x4756eeebf378046f8dd3cb6fa908d93bfd45f139,150000000000000000000000
0xe04cf52e9fafa3d9bf14c407afff94165ef835f7,150000000000000000000000
0xe35b0ef92452c353dbb93775e0df97cedf873c72,150000000000000000000000
0xa0efb63be0db8fc11681a598bf351a42a6ff50e0,150000000000000000000000
0xba18ded5e0d604a86428282964ae0bb249ceb9d0,150000000000000000000000
0xc4cf565a5d25ee2803c9b8e91fc3d7c62e79fe69,150000000000000000000000
0xca582d9655a50e6512045740deb0de3a7ee5281f,150000000000000000000000
0x0518f5bb058f6215a0ff5f4df54dae832d734e04,150000000000000000000000
0x77afe94859163abf0b90725d69e904ea91446c7b,150000000000000000000000
0xb9fa6e54025b4f0829d8e1b42e8b846914659632,150000000000000000000000
0x9cf36e93a8e2b1eaaa779d9965f46c90b820048c,150000000000000000000000
0x9a1ed80ebc9936cee2d3db944ee6bd8d407e7f9f,150000000000000000000000
0x550cd530bc893fc6d2b4df6bea587f17142ab64e,150000000000000000000000
0xb20411c403687d1036e05c8a7310a0f218429503,150000000000000000000000
0x0c05ec4db907cfb91b2a1a29e7b86688b7568a6d,150000000000000000000000
0x8b83b9c4683aa4ec897c569010f09c6d04608163,150000000000000000000000
0x0f00294c6e4c30d9ffc0557fec6c586e6f8c3935,150000000000000000000000
0xfe01a216234f79cfc3bea7513e457c6a9e50250d,150000000000000000000000
0x7ae92148e79d60a0749fd6de374c8e81dfddf792,150000000000000000000000
0xb8cda067fabedd1bb6c11c626862d7255a2414fe,150000000000000000000000
0xd05e6bf1a00b5b4c9df909309f19e29af792422b,150000000000000000000000
0x828103b231b39fffce028562412b3c04a4640e64,150000000000000000000000
0x19d599012788b991ff542f31208bab21ea38403e,150000000000000000000000
0xeb2b00042ce4522ce2d1aacee6f312d26c4eb9d6,150000000000000000000000
0xd57479b8287666b44978255f1677e412d454d4f0,147699424503407102942053
0x4baf012726cb5ec7dda57bc2770798a38100c44d,145000098394974456674400
0x3262f13a39efaca789ae58390441c9ed76bc658a,138498041651999998804000
0xb5ab08d153218c1a6a5318b14eeb92df0fb168d6,135283676786007761564439
0xd6216fc19db775df9774a6e33526131da7d19a2c,131907118112760895142101
0x8d95842b0bca501446683be598e12f1c616770c1,130000000000000000000000
0x35aeed3aa9657abf8b847038bb591b51e1e4c69f,129793403096616202362817
0xb93d8596ac840816bd366dc0561e8140afd0d1cb,128576120636595543333083
0xdcd0272462140d0a3ced6c4bf970c7641f08cd2c,123587690251870000000000
0x8bb23034a89b170815083520c78d318a54ec6f6e,123119384278622542722369
0xcafea35ce5a2fc4ced4464da4349f81a122fd12b,122305312716241986644616
0x1bd3fc5ac794e7af8e834a8a4d25b08acd9266ce,120000000000000000000000
0x595faf77e533a5cd30ab5859c9a0116de8bad8db,120000000000000000000000
0x7ead3a4361bd26a20deb89c9470be368ee9cb6f1,120000000000000000000000
0xd5268a476aadd1a6729df5b3e5e8f2c1004139af,120000000000000000000000
0xf481b7fab9f5d0e74f21ae595a749634fb053619,119858427836948192703770
0xdb3c617cdd2fbf0bb4309c325f47678e37f096d9,119418373576084138579259
0xd47b4a4c6207b1ee0eb1dd4e5c46a19b50fec00b,119060196535359097527091
0xd65fb7d4cb595833e84c3c094bd4779bab0d4c62,117773675318561639634312
0xa1a45e91164cdab8fa596809a9b24f8d4fdbe0f3,116255615425542873536172
0x4ce6b9b77a2e3341c4f94c751cd5c3b2424eb4b2,115204163023084000000000
0x376c3e5547c68bc26240d8dcc6729fff665a4448,114939000010007777777777
0x2125f3189cd5d650d6142b222f20083efc2d05f2,111919209740113000000911
0x1b8766d041567eed306940c587e21c06ab968663,111377314161500000000000
0xd9858d573a26bca124282afa21ca4f4a06eff98a,110179669481490000000000
0x8ae880b5d35305da48b63ce3e52b22d17859f293,107708242178300000000000
0x5a710a3cdf2af218740384c52a10852d8870626a,107141167752610000000000
0xf443864ba5d5361bbc54298551067194f980a635,105698826604438271235400
0x84bf16e7675cee22d0e0302913ccf58b45333ddf,105698826604438271235400
0x368d43c23843ca9b49dc861d80251bda6a090367,105698826604438271235400
0xb4f4317b7885de16305d1303570879c21f378255,105698826604438271235400
0x6d9d2b30df394f17a5058aceb9a4d3446f1bc042,105698826604438271235400
0x79f67f689b9925710d4dda2a39d680e9cea61c81,105698826604438271235400
0x47029dc4f3922706bf670d335c45550cff4f6a35,104861533337497630148471
0xbed96d0840201011df1467379a5d311e0040073a,103744759505880000000000
0xdb89045c811549f7eb925ec16f7d0cd7166556b3,102590583044586000000911
0x0d0707963952f2fba59dd06f2b425ace40b492fe,102193680218815989191128
0xbf4ed7b27f1d666546e30d74d50d173d20bca754,102080165439900855569214
0x4eac9ce57af61a6fb1f61f0bf1d8586412be30bc,102002994671997000000000
0x76ae5632ae65d95dd704218920f7d8ac4daef9cc,101388617613615000000000
0x5657e633be5912c6bab132315609b51aadd01f95,101051806391126015577880
0x9e927c02c9eadae63f5efb0dd818943c7262fb8e,101042133916489412146000
0x67f706db3bbd04a250eed049386c5d09c4ee31f0,100784247215122239311867
0x4fdd5eb2fb260149a3903859043e962ab89d8ed4,100116865923457160975784
0xc61b9bb3a7a0767e3179713f3a5c7a9aedce193c,100019760463680861530138
0x40f50e8352d64af0ddda6ad6c94b5774884687c3,100000000020000000000000
0x2d89034424db22c9c555f14692a181b22b17e42c,100000000010000000000911
0x539c92186f7c6cc4cbf443f26ef84c595babbca1,100000000000000000000000
0x469f1ea76d13d4b4ea20a233eac8ce6ac74d5087,100000000000000000000000
0x868dab0b8e21ec0a48b726a1ccf25826c78c6d7f,100000000000000000000000
0xbfbbfaccd1126a11b8f84c60b09859f80f3bd10f,100000000000000000000000
0x3d4530082c3eb60f58af03f79b1ed3f40e591cd1,99879825618498174084020
0x11577a8a5baf1e25b9a2d89f39670f447d75c3cd,99454619378108351307046
0x999e77c988c4c1451d3b1c104a6cca7813a9946e,99272348360129290753979
0x1e2fcfd26d36183f1a5d90f0e6296915b02bcb40,98500892825325770000000
0xef381e3e29f7441bce624b9c69e3d678f1c51359,98392954026440000000000
0x2fd56159f4c8664a1de5c75e430338cfa58cd5b9,98134840974764972704295
0x28140cb1ac771d4add91ee23788e50249c10263d,97634063475000000000000
0x097a7ba9460fa5dcc5eb87ca05607feaa2efe8aa,96660122074970000000000
0xc56fefd1028b0534bfadcdb580d3519b5586246e,95263263235190000000000
0x629e7da20197a5429d30da36e77d06cdf796b71a,93750623089817834608729
0x86a6a0080b1a4c9390416cf73ffb02738d94f8d6,93032096276800000000000
0x0dbd8de20eed94a5693d57998827fcf68ed2ecf4,92500114396224291957222
0x282edab8a933bc1c02649fe3ea2842ecbe9928a7,89506116594974985216000
0x2d1566722288be5525b548a642c98b546f116aa0,89482382131851379544891
0xe4f4866437513e7e023fb3933ba43045312b7459,86484616674268000000000
0x1bb762b16438f8b287626fd1042bc6f6848cc286,86481015739150000000000
0x3bc643a841915a267ee067b580bd802a66001c1d,85015550480635285101679
0x6586ce3d543e0c57b347f0c3b9eeed2f132c104f,84999995411000000000000
0x7e6ea81a68a2af50f64a37b3d6e50b1abb796da8,84939657153974500478164
0x084ef8564b4f75a70b7ad5e8aabf73edac005397,84581814222208941562800
0xcac9c634b4464efe71a9a5910edba06686baf457,84043838133188295461200
0xb3764761e297d6f121e79c32a65829cd1ddb4d32,83017209271983939699119
0xb46427e2cddecb0bde40bf402361effddd4401e2,81444258242740000019456
0x37e3bc492735d3d84f2b126cffaf4f0a95bff049,80645673579445440213403
0x7d783603bd1caed3cdb8e734a50fb35df1f1da7a,80000138950000000000000
0x1085b9c6e43895cc441ba1840b940ef786683785,80000138950000000000000
0x583197dccce7e295525acfa016eabe1b25becbc6,80000138950000000000000
0x28973c01a23a002e8c40dc123858fd2122e50f87,80000138950000000000000
0x46fde20dfde85c8c169e8823b6f615146674103e,80000138950000000000000
0x677f887fae0873bcf7e800f77bc7643063c7dece,80000138950000000000000
0x58c1655ee5c109bf69715411dc32338e40a54c46,80000128950000000000000
0x67586e3526bbe9f3e19d76bb41f1de0a774b50b4,80000128950000000000000
0x385dc986ac6dfaefe851ac95d3650e0baafef3ac,80000128950000000000000
0xc39cc669a548c661dfa6b5a1eeaa389d1ec53143,80000000381108000000000
0x7f3a1e45f67e92c880e573b43379d71ee089db54,79495715536770000000000
0x918fa381cb534677bad24afb29cb3c2acaf16385,79340381617265900313000
0xd2b0b1daed605718080f861034d3241f1cfd89cb,79122430207150000000000
0xfdfeb7474b6b104f32599948bb7f8ed81b06def3,77735850855778000000000
0xcfee6efec3471874022e205f4894733c42cbbf64,77500000000000000000000
0xff2ac8c5834a7585fcc97edb8ba2431c4beab487,76779442568474580988800
0xa463597d49f54fe6a811fb894cbd67c7f92852b0,76779442568474580988800
0xfcd159d0fef5b1003e10d91a5b79d52bbb8cd05d,76779442568474580988800
0x4ed97d6470f5121a8e02498ea37a50987da0eec0,76779442568474580988800
0x19bf56fca395a600c20f732b05757f30ad24a719,76779442568474580988800
0x04b7f4195595d8132dd8249cc8dc7e79a6ae772b,76779442568474580988800
0x6e414cfad874d8ee716ea0299d40011207c907b8,76779442568474580988800
0xca0a044400c1fa857e4cd0c95d86376b85659303,76630723475727645987069
0x2268f45acb887e0a4e9c8714798fa7892629e91f,75759831001330000000000
0x8033539e873b3f0deaba706dd6d3480e0dd5cb30,75311975933144000000000
0x36b6751586614d647d8a3f495e82bdcf250914c8,75112261202197020509432
0x3f7e77b627676763997344a1ad71acb765fc8ac5,75026129785991986069278
0x267be1c1d684f78cb4f6a176c4911b741e4ffdc0,72363615985970533720872
0x755cdba6ae4f479f7164792b318b2a06c759833b,71169445987451590187657
0x013d81dcfa99546c14ab3976abbe494b3e07edd8,70352120000000000000000
0x303c741bb15c9c4b1c72320f6df702b32da80519,70032183499797899143000
0x807cc0e799dcc651d94595e1f7f6e7373ef8f96a,70032183499797899143000
0xf196c023de1f19d6529133759f449c4b01ce0f51,70032183499797899143000
0xe93fc974908003faddf0bd972b05b6494368d3f5,70032183499797899143000
0x6fb8ebc19bc2a9fa4413ba6a0ca6fa99e974b461,70032183499797899143000
0xe9a5a2acfa9bee149ed28fcbf12b60ff2ad97efb,70032183499797899143000
0x1fe29b608c1cab7b7354fc96c7bbb2a68355ced6,70000971612000000000000
0x6b378be3c9642ccf25b1a27facb8ace24ac34a12,70000000000000000000911
0x062448f804191128d71fc72e10a1d13bd7308e7e,69999983367157000000000
0xac08f21ef597a51865d69896f09b52472acde80d,69393364062816048294560
0x1e143b2588705dfea63a17f2032ca123df995ce0,67317257581981046981599
0x4920f22b632bfaa40af8d39c31d9607809485952,67312712021800000000000
0xd24400ae8bfebb18ca49be86258a3c749cf46853,67088995146967854819945
0x8156b28ca956c3a8bab86e1d38d8648d58cd23ec,66895146162269011096516
0xfbc9d695d419cdf7eb46df979353f5b394227976,66589000000000000000000
0x90d1254211e24c68917c7e3f55eb3fa7d29d8689,66565674960298063323000
0xdf1fc5523f2e5ea4f6dac2eaed3263953a391b0c,66150970264000077359259
0xad0d53cf033ab63dc72d653640766ee1d366cef6,65267194597615068401886
0xdca6ab9508d28c0eb7b120b8252041edcb56753f,65000000000000000000000
0x1b7b5b4bed048d86976d7cf51d9c4ea24e20ade7,64628452234523342372400
0x92f71d08f5ee94a7bf40fab05beda3545b55ad2a,64557013815120728207000
0x3f4ac8d3e1414b5351e632391908177c012c65cc,64525415757142770964719
0xa0e239b0abf4582366adaff486ee268c848c4409,64282195178376734296000
0x831c3720681096f276cb016b51a33433d7cb2faa,64138686172018810985052
0x7ced76dde9203a554df01cbb1ed0d17e9bce7524,64046411594880620478829
0x6b2069bde6b87d0f882abbdc6eb4fcbd0a90bb96,63991091130010013955331
0xb3177d9873b7ac246874114d8760e66dc5e797cc,63886510075399614315000
0x0a8f6257ef3ed3efdd8dd18dd9294d3e333ad7fc,63824047113514979761538
0x10cad69cbd241d36ed8c6d83a9f30b380134d1bc,63808144420073075264568
0x8759b0b1d9cba80e3836228dfb982abaa2c48b97,63734368853139948627603
0x99c9fc46f92e8a1c0dec1b1747d010903e884be1,63659525605503631106803
0xd65d71e5ecccfcf72b84cad65370626e048d1b33,63413410302190813323800
0x92cf9066c657b1f63a7a2dc37255b31be6ef1858,63413410302190813323800
0x3fd6b1e25200fdda352cbc911ffcd4308895a7d0,63413410302190813323800
0x9aabd298b30d034f8c64f86aa25fc74b9f70930f,63413410302190813323800
0xcaaad25746a0e04a3c7eff86422991b00fd3d76a,63413410302190813323800
0xe27f62b70ab44d7fd1842dce66138a31940fa29a,63413410302190813323800
0x54cee0ef273d3d08ed120b0c561c0284a4c4490e,63413410302190813323800
0xecef66258cc21cb742ac34c68375b311fd3f34cc,63413410302190813323800
0xd548dd6ccc7a563346372fa0d8cef06e1683b0e3,63413410302190813323800
0x4e5fab20b7b83c6f557b20c820883eab0a0b343b,63413410302190813323800
0x1f72b240b6fffceba07bdaa097cc7b216a643a0f,63413410302190813323800
0xc4d5b7c576edfbac20fa081cff79ec745193e207,63386125427827200448400
0xdbfc4549b325b6f00013a3861b87aab6696fdbee,63115522059268588999309
0x722539c58ea8c1ddc1137ca39a6e3410673a21cb,62855280902758585344000
0xd40e8cee01a147f0a24524d725ef1f0297ba6b06,62251288845666614478000
0xdfb6a4b143f6a1de4725c451c46433801de52bfd,62000281426847662584878
0x8b505e2871f7deb7a63895208e8227dcaa1bff05,61216600000000000000911
0x795cbc7a670d06e56cd2197d4ca175e081a416ad,60399785020260000000000
0x2eb08efb9e10d9f56e46938f28c13ecb33f67b15,60083996382584000000000
0x5a52e96bacdabb82fd05763e25335261b270efcb,59999499941190806282162
0x756d64dc5edb56740fc617628dc832ddbcfd373c,59857285935980000000000
0x1342a001544b8b7ae4a5d374e33114c66d78bd5f,59491410000010000000112
0xd4914762f9bd566bd0882b71af5439c0476d2ff6,59480510000010000000112
0x5bcd25b6e044b97dfc941b9ec4b617ec10e1abcd,59390407990448596339337
0xa43d2e05ed00c040c8422a88cb8ede921a539f92,59013140177550000000000
0x998a7fd73446cd6532bf3058a270581730b27137,58938036955350000000000
0xe681805938eb98943396fd03f77d71e75f4b28fd,58010039388180633922205
0x904cc2b2694ffa78f04708d6f7de205108213126,58000000000000000000911
0x693be1ea307e3b3826d34e96336399969898dee8,57812783178344000000911
0x16769e533352798deb664ba570230a758346ca1a,57800084743752497377843
0x8c3389616404fda275cfdba0c7b0b3d1fee9ebdc,57624535226390000000000
0xab7bb7959332888e44d795c6f28ee876a8469eaa,57550050000000000000000
0x51cab40a6895d2a5c092f3766b3b9830884b0adf,57001399000000000000000
0xd03be958e6b8da2d28ac8231a2291d6e4f0a7ea7,56676448217546354000000
0x4817d93d9b229e0771db0b7c970573d4dd953c4a,56311102180784000000000
0x05576087d1ad92873da0a3b76e7105195935b0f5,55230015329897777778688
0xc7347bd4d7610bd7b5e0865c7ee18b8d2c3c2560,55000864789172416282000
0x7c2a289c0523e748c286a37570d2efc16d2c934e,55000553059000000000000
0x04ed6d343c9c358687b772f1edb265482e33a8a8,55000100000000000000000
0xb60c61dbb7456f024f9338c739b02be68e3f545c,54415785269217302512734
0x7c0c71d143c0ab9e1abc793b14d99b5cf8765e62,53571911475584047393145
0x991a7ff3cb20d5b5d6d9be5efec4e4c51cddad7a,53270491617660000000000
0x6bfad42cfc4efc96f529d786d643ff4a8b89fa52,52964611576754156554547
0x7179d580a592a79e6043c586a72d80355705a1d9,52876521072011000000000
0x97e813b9a81d097e60a5e6311bc9a475199b67ae,52574254655882000000000
0xf1556137e7f45817e774096c5922f32c68ab15ae,52352143094629054490012
0x717e889671f07ac04b243b612b2eed394ff630ca,51631352561000000000000
0xceffc7330317f72957c662d072a5e7d63b9b578c,50399938950000000393315
0xac54fd4a5d900bd83aadc14b16cc27b403b8d3de,50088589553865327222166
0x31e8e8b728bcde2287c275de4bedc4d8c6efa925,50010999412000000000911
0x50cb0508434b4c68a2c4fde30b02b269d2d5b6bd,50005984786890064246021
0x50bd66bfddf48b8914602bf51c93756731ec51ae,50000998218465959784000
0x5a03703125380cfda804446fdaa3b4064cb6cc0a,50000890000000000000000
0x6220d7a458a68d6a554e5904792049fd2ef6bbcc,50000419059000000000000
0x07f1d450b16e53302931c5362ee0ab41f2978541,50000150118000000000000
0x2c4d7c2008f829f6b514d182a911dfc30a2f55a8,50000100000000000000000
0xc97b6e3e4301617f617b23120f31303e8ccee606,50000015559000000000000
0x565b8fbf9336bec8fbfb4f78fbf30d7f70d6973b,50000012559000000000000
0xe780a56306ba1e6bb331952c22539b858af9f77d,50000000000000000000911
0x518b82370bc31ebb96922ec257d92517d7387615,50000000000000000000000
0xfbb23038fe6cfa16aa898d7dbca7c3269bdaf258,50000000000000000000000
0x7e677cacaae0d465cfd336869f1f575a48bf012a,50000000000000000000000
0x2eed6a08fb89a5cd111efa33f8dca46cfbeb370f,50000000000000000000000
0x95d4b793969d77b2dad3be61a3a1601263a45bb4,50000000000000000000000
0x5e0954a64834ed118e525770852e345f3bb9912b,50000000000000000000000
0xe1576685451986e3f93c2fb87cca3aec5b5d45d0,50000000000000000000000
0xa77fe4592675e319ca07f7b07cf48f953b8b9000,50000000000000000000000
0x9eea059611e893c98f832513552b394318eefa25,50000000000000000000000
0xaf56c2dde7d189670e005cd83170942f9a082a46,50000000000000000000000
0x4ffb8d98d8f1f5ed1025f0e0aa7127753a87b6c1,50000000000000000000000
0xa5068741aecfeb8f8ff503d6e73e13b6586a6980,49999999705137090035712
0xca9f1f44b25fec3c573bfc5a69583021592ee126,49999984062180625000000
0x126c6d8e1dd5556da77276af066e659893f4bb5e,49999975876957520634173
0x453a1313270865a7cb0acd21e31db44f1a64e908,49999974976957500000000
0xecb6948ee09d3576c3dbbd655fc5642506d8124c,49999398330940333884366
0xa18eb0ed2543be132ef5aa3c8a87a0f5b2e30fca,49996548709792405084596
0xb8d2b921c0ea0ca27266fa63907a079ef25084d0,49844951030881631211367
0x21346283a31a5ad10fa64377e77a8900ac12d469,49200037940525696659045
0xc3ecba28af450e2ed469164766751130d93ecc36,49000838952001000000000
0xec5feafe210c12bfc9a5d05925a123f1e73fbef8,48879111552368675788880
0xfc91c862dbed337369015f5b244bee027fb135e4,47695903654840000000000
0xa2f6abe26fe0e1c1f2684ab002ed02a59ffbf85a,47454617479797777777777
0xa646e29877d52b9e2de457eca09c724ff16d0a2b,47000110000666558863697
0x51656396e883c1e398ccec721a8c2af5a98beb01,46310787847780954184000
0x0016c0d0343e8f2c3a7b6a51606b84b1545ec606,46201275427234887845213
0xe25a329d385f77df5d4ed56265babe2b99a5436e,46132729757704986082101
0x6ae23ceed66723d243d7d015af2d21886a2da54c,45005614326200000000000
0xa1233ef9b1ecd788a27e762597c3ec0562652538,44999985375613000000000
0xbc497cb48df3d2843240f6afea436f8926b2fb8b,44911659551237203761000
0x957cd4ff9b3894fc78b5134a8dc72b032ffbc464,44755917432199475933085
0xe5c2059da321e7b6715a0d1b2581ee34c45c2651,44367618081586164114745
0x42697cc8cb495aebd453d016950344867d51f27e,44199901174892000000000
0x1ac33f385a4e9fe2d809a81c5c10473f81ee0ed3,43786310093546976224891
0xa205fd7344656c72fdc645b72faf5a3de0b3e825,43587457655183648420554
0x2efb50e952580f4ff32d8d2122853432bbf2e204,43512399397628725851704
0x90f9dff16f9efafeeb8b130dc5d3562ac5e76a96,43390213587500000000000
0x876eabf441b2ee5b5b0554fd502a8e0600950cfa,43041315996962488183021
0x91643377c036f62c385d7e8a64e63f91e52e0fbb,43001289888046810461457
0xd641651ed7e19a04ce536610d75b3dcaf427ad73,42972653787923563936314
0x781229c7a798c33ec788520a6bbe12a79ed657fc,42968433029990351146682
0x49be8a0773824e2917f4baccebbdf298e7cf27bd,42918181489400000000000
0xea0668b71f7f7a3f4c5936ead60da80ab9534533,42896245315259733149456
0x28c6c06298d514db089934071355e5743bf21d60,42837042948761616176349
0x06920c9fc643de77b99cb7670a944ad31eaaa260,42554203067809655308726
0x78e3984e1ab1c3eb560cbd5b42b635e1cd341bc2,41819752431062852845788
0x8bca7e2e29f67d79042d0baa03dc2d82ccdacb2e,41740950476238456264000
0x649765821d9f64198c905ec0b2b037a4a52bc373,41728714330893370410624
0x1d5147ea401ed861adcfbfced3ca596acd34a846,41508338915235000000000
0x652c97b5639cb13e5d9993d7ad0cc393e1aa84ec,41445454503215000000000
0x13cef1478ef9a2773acdf53505d064c69e3014c6,41301701428258335066889
0x5696ae5ad2c22a4afc03bbae5bf18ca9278ae5c5,41234433950000000000000
0x4b068fe2cee007a48db70b28047470ded49d6aba,41040335897869999955968
0xddbd2b932c763ba5b1b7ae3b362eac3e8d40121a,40891626854930000000000
0xf367ae3ec7941e5145eebe0a820da59a7df82012,40791244736121000000000
0x65f6db242a5eb6037ecbccb9fdcd9666fba8d1cc,40773010368630000000000
0x8729dc4831577d8a30e28e264d974745d9a92335,40759461674203431965927
0xc33d98e88682c883fe32b8f6620660692092d39f,40608600065830450953902
0x0a74fd341fb16703127e447746910f2170c53a95,40423991225506000000000
0xabdc9f1bcf4d19ee96591030e772c334302f7d83,40110000000000000000911
0x65adce5f03979923411fec8f87d39bbc9b1be2d3,40000100000000000000000
0xc2d23645c872132c5c89ac182913ae21dee44220,40000100000000000000000
0x2dca0e449ab646dbdfd393a96662960bcab5ae1e,40000003300000000000911
0xab783dffc938811fbae754e3597e6ca119bf87e1,39999982517254895520756
0xe0f5b79ef9f748562a21d017bb7a6706954b7585,39999612538362536573000
0x1bdf31f46eb5d8e3e4367e3ea3c357afe22d10d9,39998987806634170952000
0xea361043a14509fd3d1743dcefc861fa5a3c3018,39889940625238561791104
0x692190b4a5d3524b6fed0465e7400c07d09db954,39877014132917800000000
0xb8be4ca0ed119f5b9bde609b6da02d70b9f5f3aa,39825699171734031557152
0x417e14fc23595e522d5e6bf6f072a1e5d6150c38,39569756444460629212000
0x187c0e0aa33282096b39a33457939f1dc3ea8e0f,39485823465932861426902
0x3c834ecd7789e094e8fb233f084a695410aaadef,39450000000000000000000
0x0e5968cd0a732567669312afe3b1689fc9792dd6,39260441760600000000000
0xe825363f3bedabc95b2a9d42dbc73ec7b82b57d3,38687270983646059253983
0x3530210047414414622f66d8e76dc65efa4714c9,38580403514270360951380
0x4ccf468e9daa56073a1d7004a36e3656900abe30,38364438958329831300000
0x1149e9143c407f3be1df24c463e48963c6de1715,38337984877715000000000
0x8317ab6588b0f6643773fb3049e1e5d93d6002d3,38106754131688644390721
0x397510f7c4909eb2c30959f1470ffad7eb3869dd,38070855915260777777777
0x06a0048079ec6571cd1b537418869cde6191d42d,37913561937923308000000
0xaa06a9e8c44db313725f658a25f60df0ae5c1f72,37555161000000000000000
0x382b1bf6229d36d8f24d6c7ead909f50b7c8d48d,37485989228038363623296
0x0a98fb70939162725ae66e626fe4b52cff62c2e5,37364532252576670186495
0x04786aada9deea2150deab7b3b8911c309f5ed90,37257532865519339562112
0x26648eb66f11fe2e9d7b874981e8eefe6567b9df,37188381779383412573549
0xab7b99998206d1ccf8b13b02b7566c267f4e2313,37147094534754227802405
0x6c064fb0b9956b111fdcfe4297c03c980dd7730c,37098838347555285085644
0x85ad8bdf4a7b81cb647b90250b5b2f83cf23efe4,37006329633600000000911
0x5a85aafa7fbca99ea32df27c33b14831feeb20f9,36892591846757777504268
0x794d28ac31bcb136294761a556b68d2634094153,36754378343512595566207
0xefd04d371f346c04cec89568da832d45c5f1f3c6,36728179438230000000000
0x111cff45948819988857bbf1966a0399e0d1141e,36675635452291599424110
0x517c46825fb35c273de66d71dcef0d7b63b1076b,36475705590179599162408
0x3d8fc1cffaa110f7a7f9f8bc237b73d54c4abf61,36392064070792593755402
0x77226d9cc12862dcfafcd0eb514cc4b696a57233,36314912530482732132000
0x9f2a6fa34ad8f0e8acdc77c24573b0324de97166,36276559856900000000000
0x0111c0ae7b04a773b6f73d7fe65006713678f0c7,36257358054470000000000
0xaf1931c20ee0c11bea17a41bfbbad299b2763bc0,36183161003275479367452
0xa3f480eb9e0a0d91d20538464c89a7d3d4951b63,35986797304917200000000
0xf7dc577b1330fca9fce9c2c710b4523ea20728b7,35916050574009000000000
0x618c8f4771bb2fea91cc936a37d804863c6027d0,35538889164120000000000
0xc79104b157573a322338776f56946825b06bdae3,35472767572390000000000
0xa3e3c8eaa1bc879ec1e41878f9da7a926ab9dc1c,35199968122565878390780
0xbc44b3d04c978bfc071dffd27a30c76a151fa1b4,35000215557573804058000
0xe9405bd9845a488e4c5e5e6d972fea932e2e4a3c,34999999444757947498853
0x41c1cf2a076ab4122f1282ab6e90cf8dac50d840,34999939770457500000000
0x0b73f67a49273fc4b9a65dbd25d7d0918e734e63,34740375405050000000000
0x08621b0c521f58075c067de155bd6862ae68e482,34119586285905877809408
0x882c8f81872c79fed521cb5f950d8b032322ea69,33997999832000000000000
0x631617282dae8672d63344d69f2c085df9f2dad5,33825438561559056830000
0x184744fb0ae65515732b76b6480d01975009af1a,33600654000000000000000
0x403a7a62c5b5f3a4cc3d6ef1fb5d283a8d2427e1,33596185921020000000000
0xf9a345948c9f31b225686ab8911140b0e2bcdca8,33492205787050000000000
0x4418bd7803bfe201f3eae7c3063c2bdb56d2a90e,32887961162224000000911
0x955a27306f1eb21757ccbd8daa2de82675aabc36,32275958362048055240291
0x22650fcf7e175ffe008ea18a90486d7ba0f51e41,32216952855760000000000
0x38b50146e71916a5448de12a4d742135dcf39833,32200000000000000000911
0x3bb0d6a37802efddc36618a655f4789d2e2b4970,32003828522838599410000
0x66e092fd00c4e4eb5bd20f5392c1902d738ae7bc,31852051889825780016169
0x8dc250d5403ba72cbeaf0ac40f7c61c6db3a9a20,31500000000000000000000
0x77344b715300745ad29fd866e4a862e937e79a97,31355463438000000000000
0xd4f3d9a16b16cd6ef9d21449715861c346de700a,31304631380362864554084
0xa97beb3a48c45f1528284cb6a95f7de453358ec6,31000000000000000000911
0x34ea4138580435b5a521e460035edb19df1938c1,30919677956358596182832
0xc3a5b95dc245c01e3658e3d73c3715aec4635236,30829681113151655956000
0x1eddfb5ef9d8a66d1ec39292a7d1ab42b865e04b,30800612374000000000000
0x28800b3df0ff4eb76809b17b75f43060b7256279,30726382073306901129525
0xd3621b7ea5062dbcf6daa333c24c651894c5d2ea,30666894931170000000000
0x602d9abd5671d24026e2ca473903ff2a9a957407,30571735499606810604532
0x8f509a90c2e47779ca408fe00d7a72e359229ada,30483641304126749600000
0xf2820c8165ac170863b63d8b3996faef12a8742b,30222621325430853166655
0xff64a8933e05c9d585ab72db95d207ebee9be5a8,30106172274221116301000
0x491561db8b6fafb9007e62d050c282e92c4b6bc8,30023000000220000000000
0x62a624897f020aa454ee42beecb1a483424893da,30007997269160000000000
0xddf744374b46aa980ddce4a5aa216478bf925cd1,30004543804222388979309
0xd04daa65144b97f147fbc9a9b45e741df0a28fd7,30001096728228716378678
0x0c995006f8fe058fe7f9b3f7ce45eaf21c06907f,30000999139000000000000
0x56d2a325cd1885c2c60de9ce8423d78baee79d79,30000984868413000000000
0xa32e317f86ba61e87083e3e39bebba3837697678,30000015585000000000911
0x69073269729e6414b26ec8dc0fd935c73b579f1e,30000000000000000000911
0xcaaa4a3e683923f535377b910d4c6564271d15b2,30000000000000000000000
0xa7e15ef7c01b58ebe5ef74aa73625ae4b11fe754,30000000000000000000000
0xb8e73ba7c6c0b50a0cd94fe9f6622762b0401c02,30000000000000000000000
0xa0f6121319a34f24653fb82addc8dd268af5b9e1,30000000000000000000000
0xe0d7dc0e073da984626f1171bb96d42e7ad74303,29999995528215000000911
0x33fd66a93f296072932dc27e7b9769e3ba5f18a9,29999987439450000000000
0x622a0ada3cd0c1f5c843e38f9ed0d859b7589f90,29946908687500000000000
0xf8047b8b16876435214b7b8ec6836a707b56a469,29835358342090000000000
0xbc9b1e338fadf78c6a5667d1efb11c75b627a5fd,29689988556645502982344
0x5d8f71af4f6afd7f89c2bb9db7d7f95f5ae127fd,29550848922840000000000
0xe47e60f6b8b13c079e3c27e1f855a79e16ca8d54,29300995423597000000000
0x9b6e7c26e43fa5c6bb5803e5f23462b93a905c6d,29299981814119718818915
0x7ad5c3b4b61a170b087eac87ef435dff02fefab2,29202128370080000000000
0xcafe1a77e84698c83ca8931f54a755176ef75f2c,29078319135738633275966
0x2c8fbb630289363ac80705a1a61273f76fd5a161,28905228866830919965985
0x3ddb10ee606e3e68d5a7f06972ec779120716754,28775809682655386200200
0x6caec3e4a1c3aee92ff2e09f7bc3a907733261e9,28775809682655386200200
0xbe63db83dd8905f9cc3be6741480502de5d6dcd1,28775809682655386200200
0x1f78c5a3f2cdb4ddb22b433fe3926a4c9d6a55fa,28775809682655386200200
0x064d46ca3f1403a4299cd2d8791521c1472a85da,28775809682655386200200
0x43f9dc76f1710e5b4612f2acb117d177d7aa43b9,28775809682655386200200
0x06601571aa9d3e8f5f7cdd5b993192618964bab5,28677589821108451758399
0x17d28f25c4fe0c071b32c7178bde6360bd177bdc,28672642303780000000911
0xc1bf8f2acc5d5824974ce4c90a8438421150f753,28565834875380000000000
0x36ed8dda673bec4f95babe8f122e6f88cf72d0fb,28479706876931754849125
0x24c030caf0aab4e8aea86ab913a59fa909a659d5,28065485775590000000000
0x9e7972d68b9ec0980ffaca75daf7ad3ea84d9137,27788153169540000000000
0x0f520e011280a6685b992d21da2138857391a387,27703023935244500000911
0xae5d3d7ad60939bc9f0a5588457b5e75fa458d2e,27586486797029263296979
0x0c64612701224fdffd78bbde3e8f04f2a491dceb,27517884553400000000911
0xf5e57bc47b5a7c721d5afb4d2c2d8518c4cb628a,27450018861096205336974
0xc8dd597fcf3c5d0b1c481201ddda275a860f4199,27302138436240000000000
0x482f02e8bc15b5eabc52c6497b425b3ca3c821e8,27299262928260000000000
0xe7f13fa41185994ad813ae870a97833228ceeb01,27262298891860000000000
0x3f4b633b10950e58ac29c6067032ca2cf46c36ab,27182762937872722898000
0x2f5703d6ca26ce72619d265a9d5d9051cc039610,27064766410000000000000
0xe9b45c2973ed20285ac66966eebd52d5e0fe7362,26523662001706000000000
0x6dab3bcbfb336b29d06b9c793aef7eaa57888922,26510398288569286265774
0xeb2629a2734e272bcc07bda959863f316f4bd4cf,26457042149750719365380
0xd6a062cae6123c158768a5c444ca0896cc60d6b1,26337093672101142748297
0xa23cbcdfafd09de2ce793d0a08f51865885be3f5,26306460100435717142288
0xf9aac6a1c838b36e2953115804806564ee7afaa8,26262845775889775356604
0x4ae51f92c4569ad0a7c0efd4084c331a1490415e,26253383922040000000000
0x9bdb521a97e95177bf252c253e256a60c3e14447,26232644381422494159486
0xb8ac6dec186496ad25ef7fdc7f341d93db928d30,26175556137138117595340
0x95cddecd01856aa896426bd1ee021d87f3a5c199,26000158826003100000000
0x7711be4c8ce719146667e21b4829fb839f5cc28e,25878657433570000000000
0x738ca94db7ce8be1c3056cd6988eb376359f3353,25500000000000000000911
0xf326e4de8f66a0bdc0970b79e0924e33c79f1915,25451619393347391078744
0xea659c08320ef25d0dd893e8306119281ad417d3,25400838612638220199569
0xab3c66a06a5940b811ad1d98d8b6ea5456657993,25398098320000000000000
0x72a53cdbbcc1b9efa39c834a540550e23463aacb,25387428388149664248949
0x11a05633e78aabf81cbc84d58e0f8d07fd25c992,25296759690965183129437
0xa329e0274b764c45873346098ec9ddcec1546731,25201797007120000000000
0x0017408209fd546fda8f5f5135ebfb346a7cfabf,25114999840400000000000
0x17907a61ddea6dfb4f8c3f5dbcfac086303b8653,25075368799970000000000
0x59a661f1c909ca13ba3e9114bfdd81e5a420705d,25000719469151661392990
0x3b7a0869d228ad5c154b922cd7a7cb1c46fe6ed4,25000585375286707816385
0xb4dc7d0a2d651fc0d68be054997c8b06e91fe89b,25000098203066900000000
0xcd564d45654b7e90738ad4f578248704c361e391,25000078435250000000000
0xd210502f5ae38d1f029b818a329b26b8b42b44c9,25000001400000000000000
0x8c11bda622e6780ff36e5b4d887db5d186367df9,25000000000000000000000
0xf5c7fdc28f37d5bdb67bafb40bf0cc3827d24a34,25000000000000000000000
0x072b8ec96f4bd51d85d2c9507cad23d930623348,24990000000000000000000
0x57757e3d981446d585af0d9ae4d7df6d64647806,24953522669514839364488
0x326d9f47ba49bbaac279172634827483af70a601,24924000966617418847345
0xa78ecd04e8064f005854c55d848b87e50be3cb00,24895394813000000000000
0xb8040536958d5998ce4bec0cfc9c2204989848e9,24472420010000000000911
0xbe6de4ef596dac8649221ac76bfae5f37ca4e478,24200025200080926764000
0x4c0907f7ad337635a7fd414a0c7a938e0d64bf4d,24195000000000000000000
0x15e34a8324164ef0890471f6f527451f7a22cf12,24099996869274465889911
0xaaa6a6786e9afe6e92b6b19ef5b33977d1867bc9,24032600279550000000000
0x1522900b6dafac587d499a862861c0869be6e428,23975834523391986413348
0x17a96a2103c69c8d283bd8b229938bf339d67364,23974874990960000000000
0x27321f84704a599ab740281e285cc4463d89a3d5,23940149399885097680792
0x2629bf288c3aedae8ddb3eb678df9f7ccc18711f,23881736075216178510148
0xdd1fa5b1c88deb77e93535b9f7c29e97ccae431f,23823643626278318571500
0xf4e11b89519eccd988a56749f1c64ad9bfe0298f,23777727352022000000000
0x7765c192790afa016d40507d0d9c119f1a3fd0e5,23768571486360000000000
0xf60c2ea62edbfe808163751dd0d8693dcb30019c,23767291391156510541428
0xc4c319e2d4d66cca4464c0c2b32c9bd23ebe784e,23630368840410875224431
0x301407427168fb51bcc927b9fb76dcd88fe45681,23549612614830000000000
0xfe80804d2e3ab78a13ce90f45b2803cf9bbd1f51,23461961340446094998028
0x56c1319b31a5316a327bd889d58c8633b204536c,23411039165726861341000
0x5770815b0c2a09a43c9e5aecb7e2f3886075b605,23206224820551228284889
0xe3dd3914ab28bb552d41b8dfe607355de4c37a51,23196760541598581335428
0x3bbf4e8fadbff1be660b2fd6cae33314caeaa301,23055684610611000000000
0xabea9132b05a70803a4e85094fd0e1800777fbef,23028384871904025359572
0x5a814d65a25cf2463f8988a2ca685012fcbc30be,22997293001700998673847
0xb6c6ad0fa01a17ea88973ad905dca2007cccba32,22983856322430845287000
0xd884aca1897ac45515cee6d5fd48f341b4023ace,22853123559302646507623
0x6359625bc450a1dcf26ee93c6e1dee78dbdbb777,22446293908140000000000
0xcc6fcfb8b3988043e382a481d6bf482d68897024,22344413026137729948393
0x589f872dc57a81ea409ad24e1b6a406a7564331e,22329149597306596543310
0xd64a2d50f8858537188a24e0f50df1681ab07ed7,22233033740010000000000
0xd01ae1a708614948b2b5e0b7ab5be6afa01325c7,22212588851846873032489
0x91958113b6ffe2bb496be019dd0430668db023f2,22150801684000000000000
0xea0a6aec0ff9db57d8c881b3937bcb908be5b145,22135761817256970006000
0xedc4402812c1e4d8312a5a2ed7bfee89c49613ba,22090452040618172270000
0x79b91d213e019c62e6d1ef87c2e6e9fd07320373,22088437048754069840000
0x6fe6b1ab512a0bbef752086bded463107dd8ba15,22083554975000000000000
0xabf81ecd63f1e4816abb1747aedbcde720459fe0,22080759239000000000000
0x378d1814b1d3d84c10a51317d26584b61c70b617,22079984180000000000000
0xe09f3fd42f4b7d6d2d70d412298973658f2b23b5,22078991298145829094000
0xa8055da95b5004b68190ddfa798a0236c8a80f43,22011264001056803093500
0xcac725bef4f114f728cbcfd744a731c2a463c3fc,21905123333413557724066
0xc2eb33a5ddf01ac564089a8915a8cacea2def830,21874998987800000000000
0xa5f62c35935c4d7da4f55ae5993a5d61fd8b4112,21867702815460906612896
0xaf10cc6c50defff901b535691550d7af208939c5,21861518580006491624748
0xc155e5ca4e17041333ae66728b1fd77bf178be74,21860860521980950000000
0x4c766def136f59f6494f0969b1355882080cf8e0,21717480577626600000000
0x867b3b0b638cd5640ec800dcbc407bad64ef1ae7,21709469643000000001822
0x43ab622752d766d694c005acfb78b1fc60f35b69,21704325572809991471999
0xa80ee2cebaaf0ae26689f02e2ad1eee1376a79ec,21652118320000000000000
0x4264422fa4c1e60c2ee10d19549c0775fe544d7c,21395420235903145825241
0x90799f77476b54d0911b2ad864e1b53375a81a77,21269356865458041046000
0x2460be863d58616383a3844c58a89fc7f5361b54,21269356865458041046000
0x9121f2762814cfc6f20e6d33758a9e3c70dc18f8,21269356865458041046000
0x2599daea69b4d92dd2dff05695e6aad385f7a270,21189341358500623057200
0x5a2c511792339969ec4bd2183aaf9689f75ecf48,21189341358500623057200
0x113428fee4243e7e37caee428fc725aad688659f,21189341358500623057200
0xc0a446d3df7275c45a7561fa375ed95b21043485,21189341358500623057200
0xe3330a63e178d9d25d9612d9dd78c951bfbe7970,21189341358500623057200
0x47c7d07decef2295f2b4b2d53b9b7d0a4dcee6e4,21189341358500623057200
0x4c48c57cf3419121dd15f56de059f369a358c8fa,21189341358500623057200
0xa2c4ba5f45d85b11cca178bbea10a0e61be643c5,21189341358500623057200
0x20f96cd94c3bc6a20c036e6a8e6bdf0c4e4d80ef,21189341358500623057200
0x94fa70d079d76279e1815ce403e9b985bccc82ac,21130000000000000000000
0xaf25663da625032c2f486a28b6d55b8cd22b74cc,21108370843320000000000
0x441d3663b321fd828350411641d7c9d57a183fcb,21071089179999999552000
0x674bdf20a0f284d710bc40872100128e2d66bd3f,21056565273409550660480
0x6a9e7892e4002493b1c28c004c98fc8aeccd580b,21000010000000000000911
0x4085607d49c5e6eb9af262a156a9089cd04d3e5c,20972447220485000000000
0xbff679a88a7b21e0f4d11dfd5c5dcafcb9a5d8ac,20946697029898742607744
0x3e40d73eb977dc6a537af587d48316fee66e9c8c,20940356235713874392240
0x830b9eba30096ee7d8b10dbe4a5912c5ba69b019,20917954956120000000000
0x8f6438f028b0fba4dcea654bcd7f46e868f0129e,20767353035795575130494
0x068b65394ebb0e19dff45880729c77faaf3b5195,20759596971889367083214
0x84852691da2f0eaec313f9b743e683b3e0d250d1,20753197226160000000000
0xe8bfdf8f47b35418c73af2a2bc4d0d12488e93c5,20698016000000000000000
0xaa083d6e13d0a3cb3725160538dddd38a9aa89fb,20687343928485973994700
0xcd4a584d5938a431083183055ac7a066aa3e1985,20644049231180000000911
0xcccbef82d68be89c69c81bf6a81d249972971da5,20545005370500000000000
0xd28c567f1b52119b32a3af6066c36149c2f86d12,20544147685900999111006
0xaab0e04ca86e791b6a214028f09d0a87b36cb564,20476399057108995356470
0x6a51d95b6f9e24b4ae71fe4751b12ff87ddb19cd,20443751971032678350596
0x7abe0ce388281d2acf297cb089caef3819b13448,20426943258210274772781
0xe8e8f41ed29e46f34e206d7d2a7d6f735a3ff2cb,20403509219554400228223
0x2905a0393342f45df5763835e9d4aaf2b4c87d79,20299296693138977766911
0x5ec58ad8f2f1392e778dc0fc5fcc77ff12f4ba72,20180150275000000000000
0x683f29acdc7db4299ee83dc2e3501bd296248128,20103101000000000000000
0xd2f86bf2d5cb5871545430cee9f59a51ce57211b,20068821931670000000000
0xe0cba9df31411f6b7cfc66366b1a9a1b94c92fd4,20067051817637578849223
0xd4dd59915f0b1cc9afa870e047596f35d42c7331,20043025268628170843432
0x253f1e742a2cec86b0d7b306e5eacb6ccb2f8554,20040000000000000000000
0x9d3937226a367bedce0916f9cee4490d22214c7c,20002969355514542665862
0x266147e661b70c541c33aa835d7522010b25b667,20001966054650000000000
0x3c8fdb4b682a6149f5c90821d9ce94940d567a7f,20001031920678777778688
0xf770ef2e23bae5de5f7dd0cfe56fe68c8c3cfa48,20000956208050000000000
0xa370a8b4bbd90429bad8b34551cecc2af672e9e0,20000945079830000000000
0xe928828e62123b59656ab371bcadd7771d301261,20000943578550000000000
0xddd5c28028db9b0474c87649f3b265f7a0af3651,20000930578550000000000
0x41080c7687b03bd11d108dec072ed67a352686ec,20000921998328605738768
0x4a985c8877761361fb29434bb42180006c3e7d7b,20000850432450000000000
0x24cc59bc6d1e5145b073a5e5aac1486d1548a7fb,20000708482450000000000
0x01ee64468200e567646f3e3004b7b624ca16dea0,20000708432450000000000
0x6a7b2e0d88867ff15d207c222bebf94fa6ce8397,20000402518000000000911
0x3b7f0c36d59a8c9c5e4ef2210d18651b17f82d86,20000373280000000000911
0x1ff86047d1e254938ec3129e8c891ed0b869cfdc,20000281375207000000000
0x14fd2489f8dce14e9a14a60b23c1cb54527c2c1b,20000167281900000006377
0x2449bfe8754b79add948bb3814aceff176b6e559,20000082755271503961000
0x7c5aaa2a20b01df027ad032f7a768ac015e77b86,20000005270000000000000
0x5608c231745fe46b9f73058cde0d86ac0ff0df38,20000001278000000000000
0x1b06527081486afa3354062f9224e014f6c3cecb,20000001000000000000000
0x5ce2e7ceaaa18af0f8aafa7fbad74cc89e3cd436,20000001000000000000000
0x0bcdb05d2a7df905d4acaf3eac701e117de2f1e2,20000000559000000000000
0x769952be34f5f9b267e5a467149219e646968bd7,20000000178423034790000
0xa3932a31d6ff75fb3b1271ace7caa7d5e1ff1051,20000000000000000000911
0xb1cd4bdfd104489a026ec99d597307a04279f173,20000000000000000000911
0xd942de4784f7a48716c0fd4b9d54a6e54c5f2f3e,20000000000000000000911
0x02b6d65cb00b7b36e1fb5ed3632c4cb20a894130,20000000000000000000911
0x12afbcba1427a6a39e7ba4849f7ab1c4358ac31b,20000000000000000000911
0x73e47ed13c96bbfa3301565226f7650c171c65ae,20000000000000000000000
0x16f5ede586f6f6a1ffbfc1ef5a2c5260a3fb2006,20000000000000000000000
0x1514f411b9c7fcc763af4d97182b26e2df162552,20000000000000000000000
0x8660f250d912c528285747da47518a94e56899a6,20000000000000000000000
0x9fec89e34efaa4fc9f19c02f474c71373e6effe7,20000000000000000000000
0x333c100ae1a2743a1e55d73913cac6d95deb7f62,20000000000000000000000
0xe652a5404f5867ba5d9ece2b95f48b3a267f6d69,20000000000000000000000
0xa6b6f509b205a199962585f094d53bd89be619fc,20000000000000000000000
0x0a636a76405627698880b96dc9e96b0c12aa90b9,20000000000000000000000
0x3ed847c6657a30cdb2d75d64963653bb955549df,20000000000000000000000
0xe551729730118c7114e9465f3743a73c417090a4,20000000000000000000000
0x0dc0dd9978de3ed2a9ccd64e1a5f051050d9a55c,20000000000000000000000
0x27ca5d05bb99a31c1cb793c8679f605ea58c1dd3,20000000000000000000000
0x84678bbe94eeec41e312cc9e557217926c6b2f6d,20000000000000000000000
0x809817ed1b3d124067c43c79695c816285897673,20000000000000000000000
0x91056475a96c5bf3ede4bba4d4b856c4210b70cd,20000000000000000000000
0xda0f9efb79cca7321adf4bc56fbda57232ded986,20000000000000000000000
0x329b872573ba71bef919ae216de07158a872629d,20000000000000000000000
0x083937d7b7e7620c63356fdf07bf50dcd8c61551,20000000000000000000000
0x53a6513a945c263fb7868e62959d55543a9f8b5e,20000000000000000000000
0x8f5e73014d00bee5f88505db1950830373911d3a,20000000000000000000000
0x93a107b4bee1c3679d42ff97d03582d2ead43fd0,20000000000000000000000
0x9f04ebdecb2db3b063966dd268f9d28fdf02c6d6,20000000000000000000000
0x4fdb97ed75b9e7e30601e62f7be0694f31eac8dc,19999999580000000000000
0x9a421241c98bbb8ae013e4a5f85e5067e3874d16,19999999580000000000000
0x7a3d69b010fac88cd621ee5e7d639dfcc61aa197,19999999425580000000000
0x79dae775fcbb94bb84a6680adaeeeac50174df8c,19999997910000000000000
0x16e2337f283ca3733481ca1c0ae90af6c0deddbd,19999997910000000000000
0x84a81673851c6c024b825fe58afbb8a5ba0d927d,19999997490000000000000
0x99fb6ce36c483d1538db14c58bbb1f967ae17bc7,19999997490000000000000
0x6c831c124f02ab3df986c640fb36cb70ebec0232,19999991778500000000000
0xf0e5b19a772b8874fe725c459fa41c25c83bdf44,19999989767683000000000
0x94c055e858357aaa30cf2041fa9059ce164a1f91,19999000000000000000911
0xb30eb49788efd9d7a09d7bef565f8a569530ab7f,19957208882100697479045
0x6ba3ffbd026a4ec164ad477092000b9cf1e4c351,19939513523820769633533
0xc6ee35934229693529dc41d9bb71a2496658b88e,19700000000000000000911
0x0bc3807ec262cb779b38d65b38158acc3bfede10,19639514019999997223000
0xa8e802312b67bb81af0bd250694975f79b1cbe54,19508960943404168370140
0xfddc28932c4f3fb35620dfc159728fec425fec07,19500000000000000000000
0xc131701ea649afc0bfcc085dc13304dc0153dc2e,19310402459892044432155
0x997114ca0830e9bee7443368fa27f4af2d4e55a6,19273779097100000000001
0x10c6b61dbf44a083aec3780acf769c77be747e23,19232305245980992657825
0xac5d90d2010160a4fb4bdcb4a6ab5f3ddf523764,19227137650655964388456
0xf9930a9d65cc57d024cf9149ae67e66c7a77e167,19113848315051303096445
0xe2cde2af8d4c80028ae03f2abc3d0cbd4ffefe08,19101252548900000000000
0xe189bf561cac870dc66a339aa90016fb75f378bb,19051661938180000000911
0xf4477e81f2de150d48c4941c93e54d36ab82ad3f,19003336521480646773037
0xaab72305897ddf54ef56040e9181f29c668f1c6e,19002675670909079000000
0x31aa4198aba25afa719d9ef634c9d24d3e81d99f,18980661068049236933954
0xd135913f966d874078822b06b50a645a665d9f6c,18958879884720000000000
0xabcdebb0d9c509460eb58ad134b4f57191f640b2,18800096456000000000911
0x1ad91ee08f21be3de0ba2ba6918e714da6b45836,18787788799460682494203
0x7a8c531438daed6a8836025cf3566648c1d4a7c9,18775680000000000000911
0x8e279e54b04327adf57117c19bc3950d7109407c,18774649130620000000000
0x170436fd915b5481612b5923e45054b6af25fa9d,18753078049620000000000
0xff9b84447ab2fad78ead48c080bfee9c6479c235,18738861659000000000911
0xfb52f9b1ea8e27e19a50cb85dbfa16e28961363d,18659933138970726665782
0xc8519f29bd818a4f8da7c6b7c50b2a7cbc2131c0,18595570126030000000911
0x861f70cf6fe0ac8e15fad59685c14dfdf5d4f51e,18499350899370000000000
0x8301ae4fc9c624d1d396cbdaa1ed877821d7c511,18454808969962082303799
0xf17aced3c7a8daa29ebb90db8d1b6efd8c364a18,18417954391100285438726
0xd4fb4b1e410695182e48348a154a8d780ee33561,18397789871667792037058
0x1253e96916e007cc6d7837eef5418a4aaba651df,18283694910289827505148
0x0c894f942833ceacd7dd71d7a040f518b338c67d,18279708428900000000000
0x53b36141490c419fa27ecabfeb8be1ecadc82431,18139483318120000000000
0x03eb9a9d211ede0c540f2abe096584809de94e2c,18105976112437236433081
0x2f71d24312e1c667ac1bf308f8fd1e34129ee2e3,18089853061299824251608
0xaae3630edf4ad72bec20f930180cc02a566b8ad9,18061596923460000000000
0x0ae7106b8022a771bf1e81dcdd1eacd9a5814c94,18012544701933940431861
0x2babfc6646731bc0af45b133701913789c73040c,18000000000000000000000
0xe3b11b7a5845727406935e0951ba77901dc4a48b,17999675812935878744000
0xd2404fe20038d7385c1bd185fa06936b33cd5ba0,17953242201810000000911
0xb175e4b5458f125a6e96f0a146f20da656be5e88,17952875978058931846165
0x3d9256ad37128e9f47b34a82e06e981719477c18,17944310473991598000000
0xb576491f1e6e5e62f1d8f26062ee822b40b0e0d4,17942829308282212762377
0x2910543af39aba0cd09dbb2d50200b3e800a63d2,17811114316573377778101
0x62d4e24482bf605c04a1ff2a0e13c8db21b0aae5,17763972700000000000000
0xa08dc89a82904d1ec42c7f4d5fcfbdd7507e39bb,17748913848427198504872
0x678f52fbc7f61c1b29b7717efb107d480d0de3bc,17748913848427198504872
0x0ccd677659c05d51284b4bfa3bfcfa4a044b9ee2,17748913848427198504872
0xdde01ceb2ded3bc2e86205da3474d1f39266b20b,17748913848427198504872
0xb7e7435db2e0f3ff01dd683609d13a082e71e645,17741204414946990347827
0xea14f40846b429b6bdd013e95ac364fb1f0da051,17741204414946990347827
0x7442041898dc3f8ed76fa4e00a762064c87991c8,17741204414946990347827
0x802ea31c421ec79e8190cb68b699af3e3bc625fe,17722318291660195796044
0x5718cb03b3df8ea509166c469f4eed9fdc44d3ea,17722318291660195796044
0x522321e8a38cd8c6f2509595cc81aae686c55f84,17722318291660195796044
0xd58d3399df3ce4bc1904d8b8f8e3c8414c83db57,17722318291660195796044
0x1d0f3e824d5449cbfa3b1fda543bdeb151ed806d,17691811136838913626000
0x2a0c0dbecc7e4d658f48e01e3fa353f44050c208,17611657592716743811298
0xd628f7c481c7dd87f674870bec5d7a311fb1d9a2,17575091064323172874319
0xaa124d00298d883d98f5983fa43fc5d7d8b367a2,17527286952580000000000
0xbe776ae2e62ed017fce5c7c9f4125626d4bc5ae9,17502240889939534153911
0xc333e80ef2dec2805f239e3f1e810612d294f771,17420340446642525240409
0xc0b16b40c6079b0a317a2febc062509cdf447f5c,17411089731537043821309
0xa40dfee99e1c85dc97fdc594b16a460717838703,17369721732722337879683
0xacc6ab2c0699ea05bcb780dea74d5e17b289f854,17360952256959960780992
0xdc81b4b18881535ae033d924e6c9719348bdd3b8,17350010000000000000000
0xe1d3a7d8d8168c0cb09ff8489c406b8c84b779f9,17295571506360000000000
0xa8801f5b6f32537ff5290825ec4b60edb5bc4ee1,17267968820000000000000
0xf93f532dc59b2e299f9cfcf978c5419b6dc20334,17224655302536715724990
0x4bea288eea42c4955eb9faad2a9faf4783cbddac,17180094683090000000911
0x97f20e77bbe03faee3279e474bcc78981f6b8677,17127054823237777779188
0xc8c57e4c73c71f72ca0a7e043e5d2d144f98ef13,17120231681040579657555
0x4a798625c037c7fa470571355e73943aef062fae,17012786869868975893467
0x442491497f9ae22ce5a966cd9b85e1cc048847ac,17001000000000000000000
0xf9cd17e1d9b7c6bb227435c2203d1577a8e7f020,17000464858395337125104
0x910cbd523d972eb0a6f4cae4618ad62622b39dbf,16950000000000000000000
0x8d12a197cb00d4747a1fe03395095ce2a5cc6819,16934181137075477900276
0x71a3ddf2a2614695a4e85e13ba15afb754a72fe9,16900000000000000000000
0x03acb8c8f020cc9be44ef7639c1e909262381d93,16900000000000000000000
0x45e18f9e117f2bcb0efad51ae80fc2b7b6fb8344,16900000000000000000000
0x60f97534c05d432d18def0d9920c03ac4b215e2c,16900000000000000000000
0x81bc4a018472cf6273c18941f6b34e247f313cda,16880198505887000000911
0xeab23c1e3776fad145e2e3dc56bcf739f6e0a393,16852800413774015407673
0x904419cdbbfff16447a74d7ba6c262a77c764cb3,16801351649575176635188
0xa910f92acdaf488fa6ef02174fb86208ad7722ba,16799365736053866385799
0xeae57ce9cc1984f202e15e038b964bb8bdf7229a,16795979574837874470984
0xb4a40a03ab90401525a7418bf443157c866ff8a5,16792361725200040221882
0xd9fb030a5bc34c07708609b1fbcf6c9d001eeb66,16749591176475870000911
0xf5552bc2cdaf997ddb2d08962addeb5c27babf62,16704011886520000000000
0x43c891df56dc60a0136cf0c64a0a205ff3b6bfad,16694306859000000000911
0x014d63f0118576f6ef5a47b53b0f3f9efc5a5dd1,16636169585110000000911
0x7a7a4f807357a4bbe68e1aa806393210c411ccb3,16623685337014131932911
0x02215c9655fa9c14d993dc6d75b06aa863c53ec2,16600000000000000000000
0x4cad7e8d1be7930b51dccd2f9654c78f2e326453,16600000000000000000000
0x4cb5e0034c893f9fbbcc16e660a26a6f7ca4f3ed,16600000000000000000000
0x98c879587733db42b32a8f4eb2db213a28ff3623,16593383865320000000000
0x907c61186ce5b8e9454500e1cbe2142d7e9ad93c,16592605552176031250911
0x06b8ad078becc1b07bfd46af32eff499446801f6,16555437472950000000000
0xb040c766a8073fc341238bd21ca88d42b777b6ea,16544811235620000000911
0xa04d81f5c75cc159a72548caed8bb77192715bc8,16503759931810000000000
0xf364098e03d5c4a646154fc497793cafa5107de9,16495686023340000000911
0xcc8e4606db0983ca93b45c1b1436758eecd2bd37,16494705349470000000000
0xc7cd9d874f93f2409f39a95987b3e3c738313925,16475534165330527033717
0xfd3e8b8b6e4ddfdd25d0a79bc99e7cdbf287199d,16467596874480000000000
0x2e08451b79a01cda253811e45719ceb42640c20d,16404103012657843158000
0xc0d00fc9c291a841e12f2ead1f9bbb7d8f23261d,16403134074370000000000
0x2060a3d40fe510a38cd2861273c5c02262542803,16400000000000000000000
0x92469ed213817dceb000a2454d2e3d9eee7c47e2,16400000000000000000000
0x8e88cb696f99f8b047b0be56a6ce743fc4619f66,16400000000000000000000
0x5b82eec97845749f29514521f5d3a49b2d733276,16388724081610000000000
0xb15fcb3d829d8dca8b96ca3217b7db0e8a8a6c8a,16371229680390000000000
0x7d83ab92956b5c616bf5e897ca24d0940024d763,16346165049204011201800
0x283af0b28c62c092c9727f1ee09c02ca627eb7f5,16318623398765316918999
0x1f47433f24eabc1ad16c2b675cecc03ad43297ea,16306867280450000000000
0x1aaae4c7ff3fc9b3b5c007802b4a1229c1ecf41e,16306611720180000000000
0x44e8039cddff2c5ae124d47212999ce32d4e4430,16301979036380000000000
0xc808925bacc99964abe38b52152b73c6c1531d10,16301447569130000000911
0x02465b4b1efc21a8ead4b8e7fd33ac01ba2e224a,16300000000000000000000
0x6121278e5d3be46e93cfa6ab2a35134a7279cc5a,16300000000000000000000
0xb9f1a414cd3e820968fd51840b26cc149a4f24bd,16300000000000000000000
0x63ed6c4aafe066789b1c91afad0dd9917990b79b,16300000000000000000000
0xd9d99bc4a95ceb64f5b9dc709d790dd5c4c7516f,16296476570320000000000
0x4c9a2bd661d640da3634a4988a9bd2bc0f18e5a9,16268543746836386382494
0xeea81c4416d71cef071224611359f6f99a4c4294,16261737683484476958259
0x6887db27b113d72e6158dfd3fe0e69acd7b1fbcf,16253684438879793612000
0xbe3d84dfacaee119ef5685d82c06bfcdee876da2,16226783821373004750000
0xe0ffcd02d93321cd74224250296062532f92147c,16201767959111234757488
0x09ea755f8026604d3f3cc1f99a0eea5c343657d6,16200000000000000000000
0x134ac9752134362c82256981eb1c4dffccd0df2e,16200000000000000000000
0xa81b8a4f5809646e4a8d8d7558bbca0c065fa0c3,16200000000000000000000
0xd6d07c8f0308832551a17d0b6bc049949dd1504a,16200000000000000000000
0xcd2926e14c805d3391bf67223f2b7a2fa48be175,16200000000000000000000
0xf0297345c515d7bce09c7ec29e3454db91e936da,16193218841915012562000
0x1efee223012896fe0c66359d30908efd964cdfac,16160826446600000000000
0x3dc12115d9d30be692a169ae75deada74eeacd69,16153007781986566800000
0xd34ae1d796dd89789acb994c7258eb4a850d45f6,16100688680998250000000
0x3ddedbe48923fbf9e536bf9ffb0747c9cdd39eef,16100001000000000000911
0x33380c6fff5acd2651309629db9a71bf3f20c5ba,16100001000000000000911
0x30511832918d8034a7bee72ef2bfee440ecbbcf6,16100000000000000000911
0xde2affa03d4020a44336685e893d82eb8f59be2e,16094532573739999958000
0x3088c51b1aaa6d647beef74c5e2f7e0df7078e80,16093787843287994728000
0x50d1b550f854b785cedf754114e28d496c8a89c1,16079961483048322254677
0x3ab6a1687c1205cd9da74f079c84deb3369a6124,16055177559000000000911
0x13424ce5cea47d90ef9b80d576dc4571c04345c7,16048367646120000000000
0x0007eab78c7c2cca63d70a3a0e3658d9faf4506f,16047212379732808058000
0xf3f2184fa4f29ff2a1b53ce2b0939871183f135c,16046791198355835258000
0x288a51ea448d4505178410c1fbf768d7f5c1e1cf,16029617023280000000000
0xc40464f629449e5b43a3772d4c0fe929bade8ab9,16029353606427731244000
0xe3f78ef9073e580e92e700323be73e1e9f708b30,16027070727196183808000
0xda50ba5e12c01bbef277bb7261c61c5f56a77c26,16023814159000000000911
0x065ca01cbe3a4c16d291cad834f644344c24cf4e,16000634132505146242911
0x0b7bb342f01bc9888e6a9af4a887cbf4c2dd2caf,16000000000000000000911
0xde9363fa15552ddb89d5d34376c36c0fcf914d35,16000000000000000000911
0xe2bb4c6272d87a7f7e138c8b92a7d0a66fd47bce,16000000000000000000000
0xd7efd7a45b2affaab9dee3713321eeb1e0a9dfbb,16000000000000000000000
0x4b95059fe81b1268648c52976c034b9be117d4d7,15999894113900000000911
0x5b97a1cd49754878630524298296abcad2b4cc2d,15947899000000000000000
0x42917f0799f89366c54f5e7f50cf1bf1046387e8,15947385099040772732000
0x8a091a0ba5521dbb6c017a0461f9ed069d97ad5d,15929908305430284384000
0x28ba2acec9f711fb89a2b16c76ae842891d212c3,15928679875372265878000
0xee141c878a47b9d8e136d03343dfeef02985661a,15900000000000000000000
0x15dc298db4f76b7404a0cf4c62785d0af1297397,15878138920114716181384
0x55a834b42b33b737b1099b488967bf33a835185d,15798114703991764580000
0xc439e34bf68d0bc4e116d8fe1baee89eefbd42d2,15795231513466558514000
0xc5f33b0751cbccd6ea28a31a239b9dab09de8a1b,15783917698260000000000
0x50f40d6fed3bab7cb6c650e795a02ad753f313f5,15779378146244837376000
0xeb3b9f824c8551a58a427aeaaa1044866bb5e28e,15753358393856051213640
0x3e3586b5be868daa72dbec2ebd0d3340466253bb,15734948803000000000911
0x30c1e8a2767ed5589c70fa3647a82e4390b2ef6a,15695940747349816166000
0xc8d56677d41f87ad7c4dc86023edb6c02dc7a29c,15652164528464364200000
0x139057617f9f88c82647e09424bfc0c745782bef,15649554226964667186000
0xd09f4f0c2419dad49e89e64ad377e7b93931192f,15618597655070268770383
0xb48b6674b674a79e8a6d77ed7a273f551221fa97,15611996925896531936000
0xec50949b71aabbd8a883ee12143f3ca9d0688870,15602416157025142624000
0x0a172c6c79c87babca56115a43443ae6c087cc83,15591619740615756752000
0xe693aa3eb806a1d67da66ca42dff61010347d956,15523139380659244234000
0x684bf2573a3fbb92f656787c6ec5b5e7844f29b2,15500000000000000000000
0x74dc5d2f63cde8f6e6800ad886bb586632b84d9e,15491665967236634007953
0xa9dcd7a6e00cff04a91b7509e3a2cdd144ddad77,15479876200000000000000
0xfe7c9c176d4d3ee940af666091a08322329d72fa,15465386759000000000911
0xf2d4766ad705e3a5c9ba5b0436b473085f82f82f,15465130156382945928219
0x4745737d43f655a9c70b47a5e552ee2b0850f620,15424543341050568000000
0xeeb4c136d37def3050dc41d0021a82f922e1f7e9,15405298534660058440000
0x540ccbf4e9ba934463984bcb3d28a33b0647f798,15403864522742962484000
0x80505508d1fc8e8c1a12a964c4cd206058d04e5c,15402054756431534090911
0xca2e89110644d61361e188e322115267142ea3e9,15390986404655308000000
0x2e0697ef55ec6727ad0157fb8af5214d14b660f9,15229550250152454220000
0xf9fb1c508ff49f78b60d3a96dea99fa5d7f3a8a6,15211917164508565634418
0x5ecc783cbde2db57604746a259f8709001498e70,15130703666528430374000
0x698ad35fd27e5ea9a57c119c7b1770aca092bbfc,15098290754780000000000
0xd9e11207ac0e44e860557a56556d5d32d1e4abda,15077592774000000000911
0x5daea26517788b1c0ddb0200c6fa6d8248076143,15018599296925404568538
0xc2779771f0536d79a8708f6931abc44b3035e999,15001997294750000000911
0xc92d500dcbe98df16a0906248a031cca80676593,15001000000000000000000
0xaa499f3416f92424ce0dbfc4123b62a5481627bc,15001000000000000000000
0xf476a4c7ae500414c3909cedf56ed63104902176,15001000000000000000000
0x46e9b06d8e683e28a9b1ca7ced0afe3a4f7f0b29,15000633208712932686136
0xa19964d5f49488eb6cb4a5381826f3da58c281b1,15000100000007777778688
0xaec27ce2133e82d052520afb5c576d9f7eb93ed2,15000080286356874701000
0xa4517e7d5cb46be3266fde747661e0b7b3fb0644,15000000000000000000000
0x7588c8bb3d823fe031a52ffcf460ce3cbb45060e,15000000000000000000000
0xf77d5d0b9f8e0234bfd7dbf1958382ddcbe2bb0a,15000000000000000000000
0x8704cabee34a8a77cf47471693b9b71fdb7a071e,15000000000000000000000
0x6cdc2339e81337d210cb29b8920aa1529ce11b61,14999997878160000000000
0xd18662f728643f4f81d036a245e01c53aca2c77b,14999997061894371462550
0xf0da4993242b5dccd9912f62410aa18920b1024a,14959920365124256919000
0x41f546d659dee7a37186ffc86bc918e8dd1d3c51,14944834659000000000911
0x362319ca486b30551df8d9f4bb763ed179c74b39,14941773516397111856000
0xe7948d408cb475ecb1a09999ee227a69eed1f566,14940493944654051001001
0xfbb1b73c4f0bda4f67dca266ce6ef42f520fbb98,14922211503857077172269
0x575c493af071e84e9c383573158f3f53740fa900,14900000000000000000000
0xa86e3d1c80a750a310b484fb9bdc470753a7506f,14891861331894567388762
0x764c64b2a09b09acb100b80d8c505aa6a0302ef2,14789561668837866282035
0x8fefb2ac91c4184b79cac44095ded9cee81d56c4,14765954998708101018000
0x52fcc78e93ebb66b3e4f6c1583e104eecd122e5a,14751971303199929952000
0x782b904630d9a019f3659d2c03ff695d3197cf4c,14724990000011093238000
0xd093f2ee92cf32b4d3ebefd965447415074dd6c8,14715469112984111090000
0x5fa6b733123b49454f30873dcc099e14db6e19c6,14700017042658973916000
0x4fa0d17790939c67f8e8e31146cdc0d9f031f955,14656668504508764554000
0x8f0172b948b0d6700f35ab27a22906fa2e672071,14653859247786302246132
0x1d2b46923841b15697e7a24994e504bbe5e42511,14540027316099025973000
0xe5928c550b8d5b196db62687bef741ed627907fc,14539144766312391857722
0x23ea10cc1e6ebdb499d24e45369a35f43627062f,14525896629700351629278
0x3229149012a035ef51d724e0343eb31ce3e4bb7d,14523834684382721001273
0x06051f7af88694201f74c71c4e25f7f4e35a9779,14475719636215000000911
0x3ac33007a231851aadce52291fd4858e11a10ca3,14455972000000000000911
0x8ff9c1e5b2b117267c41e1f4e3f75e7176c436c3,14424912833346741829828
0xe1024372e8335fc3601eb6996cf3dae92edbb904,14400000000000000000000
0x6333a7192ca0ddbacea55f586092a8a75ab4f2fb,14400000000000000000000
0x816d8cec003b00aa87a10d40edaacade27619ae3,14400000000000000000000
0x6b924a4793a5ef88bd6d124839a3f47b532e586f,14375434990305541012057
0x6817cb23429c251155f55241fc984654f23b0067,14327995200000000000000
0x099206266a54d4d7a41fb5eb5b687ebf7ac153b6,14312925409040000000000
0x9714d236493797eea2941988700cf710812a7b3f,14308819349372213241450
0x0778e57eda067231489382e83b968f86880fd1db,14300000000000000000000
0xc0ce047837d421bc026d0f43764aad659e27336c,14300000000000000000000
0xb8da92df100b290359a2ddf3627d5d1ecdc978b1,14251285000000000000000
0x11d1dfeb422f9d482baf02f3d72a12ec2b82d373,14227648710000000000000
0x187e3534f461d7c59a7d6899a983a5305b48f93f,14201191463263816780033
0xf9706224f8b7275ee159866c35f26e1f43682e20,14102677547764529986413
0x6890a72965d9c54316a0f345d736f28849328024,14054872700000000000911
0x7d6149ad9a573a6e2ca6ebf7d4897c1b766841b4,14045594960513090556406
0x86a68905cd1504057b00eebe41e94c1b04ee589e,14001495569000000000911
0x55ea49d62656959d37f5f42c736bec2dedb2747b,14000981422900000000913
0x5fd8c3245ce27d3bf9af05c2106d622163793c83,14000798427007777778688
0xba3f8cf3c14f6cc07de9364462076fce6a234e36,14000579623802390853816
0x494256e99b0f9cd6e5ebca3899863252900165c8,14000000000000000000911
0x21a6db6527467bc6dad54bc16e9fe2953b6794ed,14000000000000000000911
0x40ea5044b204b23076b1a5803bf1d30c0f88871a,14000000000000000000911
0x113612bc3ba0ee4898b49dd20233905f2f458f62,14000000000000000000911
0x403ac35aa7b628757e200f45bdad1a55fc32839d,13999993710000000000000
0xffc19fe32623c6aeccdbae37f631589a45196385,13982236810371755037697
0x0bb90552ec6c158cc99e11bb79bba413c296f9bd,13913098845000000000000
0x4597306b1ccfa70af7c2b479c3d7c6246566d5f7,13908087088640000000000
0xabbabf9b0216b163f8a51806df8ecc8c4765289e,13893420000000000000000
0x07445065963c2d563cd70ddf2aa49fc771e59a98,13886973843919506222782
0x37ceb4ba093d40234c6fb312d9791b67c04ef49a,13834353862106063398035
0x3136ed252d6ec340c7d2fb1285c15add1fd4e0fa,13823647283452002870870
0x0adf1f3dfa6e9c2136f0d3b46da357c72ddb5747,13797415559000000000000
0x7b7799200c6156a395d8d278b3d3dade6ff5b4fd,13775548240680000000911
0x88d25610f79450993e57e56f5ea69ed030adfd9f,13737284559000000000000
0x3a6a91869e9eab0ac9daa2a1c2f1e829d59e616c,13723975780919358577260
0xb8901acb165ed027e32754e0ffe830802919727f,13700760454154958459164
0x178efbe74151fe2e05b1a5b9e93db2f7e53a7010,13691098950000000000000
0xbd02c51150a4ab6ce97b9de2025644594f3e75b8,13672216454169873144363
0x891404dd46a473584f5510d5ecbfd8d83794428f,13638142286830953087379
0xb92b4a201f4320a6db6d1fb2d3bac834bdaa95c9,13633785836929851236634
0xbd4ff455f38ca5cf35719652ad2c5f4e8814e389,13632962559000000000911
0x7cc549cdef7248c11a84d718fd25eafb57d8d614,13613226972455770595121
0xa524581aaf227cda7d2195d6d636d1a2caaa8ac3,13607967236434266769000
0xd3171f648d8972c6cdf364446fd100f863e9e6d6,13604148101400000000000
0x64a9305ee172b61e4ed60cc293b818c47f773498,13600000000000000000000
0xee5b5b923ffce93a870b3104b7ca09c3db80047a,13568238536650468872567
0x5dbbc591e4fa5d9c40d23a1f6eb507b7f1e47e4c,13549485700730000000911
0x327f4a8fa6d3aa4d85b487cae8490d169b7db476,13533488733600000000911
0x028ad651f143158581fccb9793b08a58246da693,13491136306040000000000
0xa951a1bcbbd1bee2cc35cfd96dcf9d101e630c40,13480968741821777777777
0xfff4fb977fc2f15e7c29527a9f398d6e287d3e03,13468503514786847488000
0xb8d3de33ba511a80542b2cd0a9b3a97c9bfc6371,13448986567000000000000
0x7dd9737a63b7dc02a7719d8b85efba52942f35e4,13400000000000000000000
0x94d0bd72996fd58a1c68454a4a45c95f30075b7f,13398434953050000000000
0x081082ad5354d273dcdd340b19a5f4b0dbfa305c,13347603236387500000000
0x0aca67fa70b142a3b9bf2ed89a81b40ff85dacdc,13313690993801511623580
0x31a47094c6325d357c7331c621d6768ba041916e,13300483736684924922440
0x4231347c9a926119d7cf8c745c613e2167891355,13250145058451550000911
0xabf338dac393636f0e1b714a96f1e0fab7cae911,13236610633070000000000
0x8ee6f6645d8b98e0a5fdd425b5ee7f57af81cd64,13229327940870000000000
0xa6d7cd3c852d808929a70f13f7a4fff1903054f6,13202020000000000000000
0x0f867d16277a1813fa626a1bfbb2d9c2d3a3de1d,13201835243660000000000
0x0fb56ccf5b1da84f03090a81f54c1d0f26e568a8,13182833790480000000000
0xd39988dd92ffd85b9ee2b6d05148140b0b9cdee6,13181529689619987030404
0x4494e64c445533f2ff61c0d74e7a1e43069f19d1,13178308107804393512594
0x6897a3aefb9383605809111fbffd702c91910f12,13146965707350510357702
0xcd08bedee338bf69f38ef49ba64d88043a2d1953,13108955960112048958000
0x04e5a3d5098f775077f051f17815b4e4a3e8fc99,13104995600000000000911
0x0e2cb0efb2c4f3205c9a49821a75eed5d3a6b536,13104994521320000000911
0x07a2e3fa4a6c501fca3b65416d7d13ac77c30846,13069909122329999000911
0x087d2c24c0225b286e5aac0e94aefba0af3b44dc,13000498721480000001915
0x6a164122d5cf7c840d26e829b46dcc4ed6c0ae48,13000467258844676060212
0x4c9fe9f5f4eb11f17d93424dbac66439776f3fab,12983234945880000000000
0xd07ed350fa581314aaf29422185ddf113088ed95,12959853836545238411585
0x6d96904232916ca216832d5b10916cb8384d3773,12911002038420000000000
0x38f88754ef3d60a528bdb187795f6cb91ada7716,12885997559000000000911
0x416299aade6443e6f6e8ab67126e65a7f606eef5,12883913479674961554274
0xdee3fdb72031b3d32797c6a8cb14622723195c41,12881549842330000000000
0x8bf6fd55845d30c4a5befe7e0ac046005e29a3ce,12867000000000000000000
0x8d501afb7dd7dada424b8c1f331b5909e44a043f,12777061223890000000000
0xa3c52796f5b3eeb84a1a4540c4b0a9310f8020d4,12746799559000000000911
0x83fa101104fe8be5caf3a03e66f1641f5e9d3df2,12739989856999901006000
0x7e016b7560e3b03297116e44846e15eb17e3e978,12715000000000000000000
0x5d38b4e4783e34e2301a2a36c39a03c45798c4dd,12700856094648139010229
0x19d675bbb76946785249a3ad8a805260e9420cb8,12675629998406554377290
0x6d3fd91f0810923680014fb755afe25f71d36d6a,12660848809627050000000
0x46340b20830761efd32832a74d7169b29feb9758,12605231340378276033294
0x0842b50fcbe9f8515351ef9c0e47c9a3a30fd3ef,12576316380907777850368
0x000000000000000000000000000000000000dead,12557014727313957670940
0xae5fe747924014ffb0275eea83e352c6278d5b92,12501957351831660259000
0xeb001fb307e9b85a9f2d36163035d154edf57db5,12501785000000000000911
0x7f1cb0fb25bb15334b6a8dae71d0cec7643df70f,12500888591196111700911
0x0c295c085cae9c6278df49477d29f71d78c5490d,12500835531208470495376
0x697e3972fc5e51ce91313e159ce19ebffa87dd75,12500344080950000000000
0x9dca64c99cb71ab2efde929bd732df930b4e81a7,12500000000000000000000
0x1775642e42576c68a8919e4e35c05caf8c94adee,12500000000000000000000
0xd49df8e16abcac8846a7e23431320ebebd80fe0a,12499982108000000000000
0x0a65aeba44441f953f6011d29e638ef52c2b2487,12493522362780978981284
0xe8a4249cfb04f79007c9c26ba2e004383b61061e,12490529817752700179000
0x44e1eaa71b565bed26fff68adcae17d5b5daaa96,12481588666860000000000
0xe4021ce8204fb271c09652f1842fcc5add47a9cb,12400000000000000000000
0x3e639a3240aa81ae91b8edb391c66745ccd89573,12400000000000000000000
0x8ded4b4ab7e4eb79ee929d955bd4652500bac64e,12400000000000000000000
0xb68b631e3d734a58bf3a8fce36886664c7dc99ab,12400000000000000000000
0x430e4cdd77b8124b82188ebac0359f5577aab4e9,12400000000000000000000
0xeed94941e5b6d503ab6e5d43b9599babae798801,12400000000000000000000
0xf3c966a09c119ddb5389bb0a2671236c1823a363,12394756041790000000000
0xe9243a9dbc0466987977bb921137057cec5838d7,12354542579461470805230
0x88ee87f40c77ea2ca43294b4f65dc4391223b1d8,12342668343696924112000
0xf974168f4024b1dc0b5bcf41d7be86c56948bbbd,12342617118320759935822
0xc2906c3c14d89bdd7bfc22a3f6c1f375664aaaab,12341714143877984120371
0x7273dd8d6a98daf466f20d294e75d05f141ba8c9,12329227548300000000000
0x1f1f5d762dd1cf3d52e60718ea3a990e102aa24b,12317838261605314802133
0x85270ba7bc7a3bfba20b493be6b539ffc58bf3fb,12316000000000000000000
0x692fd667d7c7d38b99397f344d31fa6182f58bdf,12300000000000000000000
0x8e26a0d4d724cc77c0a988c375b5cebc0ff5ae62,12300000000000000000000
0xb15ef72f94174c978cbb03e6a1642c6d583b0105,12300000000000000000000
0xf9ce8350d3a3e132e9fd75660fd1f01541d31289,12300000000000000000000
0xdd460bfc5274243d92fea89d19e3f1afe1476c25,12300000000000000000000
0x720d7ddbde53962a97f072d069ec11abbf842b12,12300000000000000000000
0xf8d1e3f35820c6bf262592dfaae5dbea24ca404a,12299980734600000000000
0x96dd0d4e10b1e8fae64771ec14793f716b12e889,12299980734600000000000
0x0cd76cd43992c665fdc2d8ac91b935ca3165e782,12284336450090000000000
0x8453584a31246b9a7776bf181544d180e05a210c,12272791412277126173911
0xde6829af5e76d00f3a08f8d02e34baa6b16a8bf6,12235000000000000000911
0xcfbe3d32e3d8b94001b90a39be9e49cbdffa83f8,12229811559000000000911
0xf5c9f957705bea56a7e806943f98f7777b995826,12216075838540000000000
0x012746ee19ad1d0a1648ff1b00d43273877a0ab8,12200000000000000000000
0x2b892d1a18a1881bec419f5478fe8c565ab50928,12200000000000000000000
0xbb10b35480edaa5dd648253f584f15f1185b6c76,12200000000000000000000
0xd32c52849ad7241306546113b2073310ad42322e,12195377170940000000000